-- phpMyAdmin SQL Dump
-- version 3.5.1
-- http://www.phpmyadmin.net
--
-- Servidor: localhost
-- Tiempo de generación: 25-11-2013 a las 16:38:50
-- Versión del servidor: 5.5.24-log
-- Versión de PHP: 5.3.13

SET SQL_MODE="NO_AUTO_VALUE_ON_ZERO";
SET time_zone = "+00:00";


/*!40101 SET @OLD_CHARACTER_SET_CLIENT=@@CHARACTER_SET_CLIENT */;
/*!40101 SET @OLD_CHARACTER_SET_RESULTS=@@CHARACTER_SET_RESULTS */;
/*!40101 SET @OLD_COLLATION_CONNECTION=@@COLLATION_CONNECTION */;
/*!40101 SET NAMES utf8 */;

--
-- Base de datos: `cblog`
--

-- --------------------------------------------------------

--
-- Estructura de tabla para la tabla `autor`
--

CREATE TABLE IF NOT EXISTS `autor` (
  `idautor` int(11) NOT NULL AUTO_INCREMENT,
  `nombre` varchar(45) COLLATE utf8_spanish_ci DEFAULT NULL,
  `nick` varchar(45) COLLATE utf8_spanish_ci DEFAULT NULL,
  `password` varchar(255) COLLATE utf8_spanish_ci DEFAULT NULL,
  `email` varchar(100) COLLATE utf8_spanish_ci DEFAULT NULL,
  PRIMARY KEY (`idautor`)
) ENGINE=InnoDB  DEFAULT CHARSET=utf8 COLLATE=utf8_spanish_ci AUTO_INCREMENT=2 ;

--
-- Volcado de datos para la tabla `autor`
--

INSERT INTO `autor` (`idautor`, `nombre`, `nick`, `password`, `email`) VALUES
(1, 'Marco Perafán', 'admin', '28f28cc6233119fc932ef94247a45db47a9fd26e', 'marcoperafan@gmail.com');

-- --------------------------------------------------------

--
-- Estructura de tabla para la tabla `categoria`
--

CREATE TABLE IF NOT EXISTS `categoria` (
  `idcategoria` int(11) NOT NULL AUTO_INCREMENT,
  `categoria` varchar(45) COLLATE utf8_spanish_ci DEFAULT NULL,
  `descripcion` varchar(255) COLLATE utf8_spanish_ci DEFAULT NULL,
  PRIMARY KEY (`idcategoria`)
) ENGINE=InnoDB  DEFAULT CHARSET=utf8 COLLATE=utf8_spanish_ci AUTO_INCREMENT=6 ;

--
-- Volcado de datos para la tabla `categoria`
--

INSERT INTO `categoria` (`idcategoria`, `categoria`, `descripcion`) VALUES
(1, 'Diseño Web', 'Documentos y tutoriales sobre diseño web'),
(2, 'Educación', 'Documentos educativos'),
(5, 'Herramientas TIC', 'Herramientas TIC');

-- --------------------------------------------------------

--
-- Estructura de tabla para la tabla `comentario`
--

CREATE TABLE IF NOT EXISTS `comentario` (
  `idcomentario` int(11) NOT NULL AUTO_INCREMENT,
  `nombre` varchar(45) COLLATE utf8_spanish_ci DEFAULT NULL,
  `email` varchar(100) COLLATE utf8_spanish_ci DEFAULT NULL,
  `comentario` text COLLATE utf8_spanish_ci,
  `fecha` date DEFAULT NULL,
  `hora` time DEFAULT NULL,
  `idnoticia` int(11) DEFAULT NULL,
  `estado` varchar(15) COLLATE utf8_spanish_ci NOT NULL,
  PRIMARY KEY (`idcomentario`),
  KEY `idnoticia_idx` (`idnoticia`)
) ENGINE=InnoDB  DEFAULT CHARSET=utf8 COLLATE=utf8_spanish_ci AUTO_INCREMENT=10 ;

--
-- Volcado de datos para la tabla `comentario`
--

INSERT INTO `comentario` (`idcomentario`, `nombre`, `email`, `comentario`, `fecha`, `hora`, `idnoticia`, `estado`) VALUES
(1, 'Marco', 'marco@correo.net', 'Lorem ipsum dolor sit amet, consectetur adipiscing elit. Nulla nec dolor venenatis, ullamcorper sapien id, elementum tortor. Curabitur ac odio purus. Pellentesque tristique, justo quis pellentesque auctor, est risus faucibus neque, sed feugiat ligula metus in nulla. Curabitur ut lacinia ipsum. Duis egestas aliquam ipsum, vitae euismod sem sodales eget. Aenean dolor urna, vulputate fringilla turpis id, mollis facilisis magna. Nullam sit amet ligula eleifend, eleifend nunc et, condimentum orci. Donec eleifend sed lorem a auctor. Nam tellus mauris, commodo eu odio quis, fringilla congue nibh.', '2013-11-12', '22:08:09', 100, 'aprobado'),
(2, 'Marco1', 'marco1@correo.net', 'Hola. Este es un comentario para probar la acción.', '2013-11-12', '22:08:09', 100, 'pendiente'),
(3, 'Marco1', 'marco1@correo.net', 'Hola. Este es un comentario para probar la acción.', '2013-11-12', '22:08:09', 99, 'aprobado'),
(4, 'Patricia Alarcón', 'dd@gg.net', 'Lorem ipsum dolor sit amet, consectetur adipiscing elit. Nulla nec dolor venenatis, ullamcorper sapien id, elementum tortor. Curabitur ac odio purus. Pellentesque tristique, justo quis pellentesque auctor, est risus faucibus neque, sed feugiat ligula metus in nulla. Curabitur ut lacinia ipsum. Duis egestas aliquam ipsum, vitae euismod sem sodales eget. Aenean dolor urna, vulputate fringilla turpis id, mollis facilisis magna. Nullam sit amet ligula eleifend, eleifend nunc et, condimentum orci. Donec eleifend sed lorem a auctor. Nam tellus mauris, commodo eu odio quis, fringilla congue nibh.', '2013-11-14', '20:54:44', 100, 'aprobado'),
(5, 'gago', 'ggg@gg.net', 'wrwww trtrtert', '2013-11-14', '21:17:43', 100, 'pendiente'),
(6, 'Carlos', 'marco@correo.net', 'hola', '2013-11-12', '22:08:09', 100, 'aprobado'),
(8, 'Ximena Peña', 'marco@correo.net', 'hola', '2013-11-12', '22:08:09', 100, 'aprobado'),
(9, 'hola', 'hola@net', 'hola', '2013-11-23', '14:55:55', 100, 'pendiente');

-- --------------------------------------------------------

--
-- Estructura de tabla para la tabla `noticia`
--

CREATE TABLE IF NOT EXISTS `noticia` (
  `idnoticia` int(11) NOT NULL AUTO_INCREMENT,
  `titulo` varchar(150) COLLATE utf8_spanish_ci DEFAULT NULL,
  `detalle` text COLLATE utf8_spanish_ci,
  `idcategoria` int(11) DEFAULT NULL,
  `video` int(11) NOT NULL,
  `idautor` int(11) DEFAULT NULL,
  `fecha` date DEFAULT NULL,
  `hora` time DEFAULT NULL,
  `descarga` varchar(100) COLLATE utf8_spanish_ci NOT NULL,
  `tags` varchar(250) COLLATE utf8_spanish_ci NOT NULL,
  PRIMARY KEY (`idnoticia`),
  KEY `idautor_idx` (`idautor`),
  KEY `idcategoria_idx` (`idcategoria`)
) ENGINE=InnoDB  DEFAULT CHARSET=utf8 COLLATE=utf8_spanish_ci AUTO_INCREMENT=101 ;

--
-- Volcado de datos para la tabla `noticia`
--

INSERT INTO `noticia` (`idnoticia`, `titulo`, `detalle`, `idcategoria`, `video`, `idautor`, `fecha`, `hora`, `descarga`, `tags`) VALUES
(1, 'título 1', '<p>Lorem ipsum dolor sit amet, consectetur adipiscing elit. Donec feugiat dapibus nulla sed pharetra. Nunc orci dolor, fermentum a vulputate vitae, elementum et magna. Donec venenatis lorem non orci tristique aliquam. Class aptent taciti sociosqu ad litora torquent per conubia nostra, per inceptos himenaeos. Sed eget libero ac nisi scelerisque consectetur. Donec imperdiet dignissim ligula, non porta arcu consequat vulputate. Etiam consectetur, lacus tempus bibendum interdum, odio lorem lacinia sed. </p>', 1, 1, 1, '2012-11-02', '08:19:35', 'descargas/contenido.zip', ''),
(2, 'título 2', '<p>Lorem ipsum dolor sit amet, consectetur adipiscing elit. Donec feugiat dapibus nulla sed pharetra. Nunc orci dolor, fermentum a vulputate vitae, elementum et magna. Donec venenatis lorem non orci tristique aliquam. Class aptent taciti sociosqu ad litora torquent per conubia nostra, per inceptos himenaeos. Sed eget libero ac nisi scelerisque consectetur. Donec imperdiet dignissim ligula, non porta arcu consequat vulputate. Etiam consectetur, lacus tempus bibendum interdum, odio lorem lacinia sed. </p>', 2, 1, 1, '2012-11-02', '08:19:35', 'descargas/contenido.zip', ''),
(3, 'título 3', '<p>Lorem ipsum dolor sit amet, consectetur adipiscing elit. Donec feugiat dapibus nulla sed pharetra. Nunc orci dolor, fermentum a vulputate vitae, elementum et magna. Donec venenatis lorem non orci tristique aliquam. Class aptent taciti sociosqu ad litora torquent per conubia nostra, per inceptos himenaeos. Sed eget libero ac nisi scelerisque consectetur. Donec imperdiet dignissim ligula, non porta arcu consequat vulputate. Etiam consectetur, lacus tempus bibendum interdum, odio lorem lacinia sed. </p>', 2, 1, 1, '2012-11-02', '08:19:35', 'descargas/contenido.zip', ''),
(4, 'título 4', '<p>Lorem ipsum dolor sit amet, consectetur adipiscing elit. Donec feugiat dapibus nulla sed pharetra. Nunc orci dolor, fermentum a vulputate vitae, elementum et magna. Donec venenatis lorem non orci tristique aliquam. Class aptent taciti sociosqu ad litora torquent per conubia nostra, per inceptos himenaeos. Sed eget libero ac nisi scelerisque consectetur. Donec imperdiet dignissim ligula, non porta arcu consequat vulputate. Etiam consectetur, lacus tempus bibendum interdum, odio lorem lacinia sed. </p>', 1, 1, 1, '2012-11-02', '08:19:35', 'descargas/contenido.zip', ''),
(5, 'título 5', '<p>Lorem ipsum dolor sit amet, consectetur adipiscing elit. Donec feugiat dapibus nulla sed pharetra. Nunc orci dolor, fermentum a vulputate vitae, elementum et magna. Donec venenatis lorem non orci tristique aliquam. Class aptent taciti sociosqu ad litora torquent per conubia nostra, per inceptos himenaeos. Sed eget libero ac nisi scelerisque consectetur. Donec imperdiet dignissim ligula, non porta arcu consequat vulputate. Etiam consectetur, lacus tempus bibendum interdum, odio lorem lacinia sed. </p>', 2, 1, 1, '2012-11-02', '08:19:35', 'descargas/contenido.zip', ''),
(6, 'título 6', '<p>Lorem ipsum dolor sit amet, consectetur adipiscing elit. Donec feugiat dapibus nulla sed pharetra. Nunc orci dolor, fermentum a vulputate vitae, elementum et magna. Donec venenatis lorem non orci tristique aliquam. Class aptent taciti sociosqu ad litora torquent per conubia nostra, per inceptos himenaeos. Sed eget libero ac nisi scelerisque consectetur. Donec imperdiet dignissim ligula, non porta arcu consequat vulputate. Etiam consectetur, lacus tempus bibendum interdum, odio lorem lacinia sed. </p>', 2, 1, 1, '2012-11-02', '08:19:35', 'descargas/contenido.zip', ''),
(7, 'título 7', '<p>Lorem ipsum dolor sit amet, consectetur adipiscing elit. Donec feugiat dapibus nulla sed pharetra. Nunc orci dolor, fermentum a vulputate vitae, elementum et magna. Donec venenatis lorem non orci tristique aliquam. Class aptent taciti sociosqu ad litora torquent per conubia nostra, per inceptos himenaeos. Sed eget libero ac nisi scelerisque consectetur. Donec imperdiet dignissim ligula, non porta arcu consequat vulputate. Etiam consectetur, lacus tempus bibendum interdum, odio lorem lacinia sed. </p>', 2, 1, 1, '2012-11-02', '08:19:35', 'descargas/contenido.zip', ''),
(8, 'título 8', '<p>Lorem ipsum dolor sit amet, consectetur adipiscing elit. Donec feugiat dapibus nulla sed pharetra. Nunc orci dolor, fermentum a vulputate vitae, elementum et magna. Donec venenatis lorem non orci tristique aliquam. Class aptent taciti sociosqu ad litora torquent per conubia nostra, per inceptos himenaeos. Sed eget libero ac nisi scelerisque consectetur. Donec imperdiet dignissim ligula, non porta arcu consequat vulputate. Etiam consectetur, lacus tempus bibendum interdum, odio lorem lacinia sed. </p>', 2, 1, 1, '2012-11-02', '08:19:35', 'descargas/contenido.zip', ''),
(9, 'título 9', '<p>Lorem ipsum dolor sit amet, consectetur adipiscing elit. Donec feugiat dapibus nulla sed pharetra. Nunc orci dolor, fermentum a vulputate vitae, elementum et magna. Donec venenatis lorem non orci tristique aliquam. Class aptent taciti sociosqu ad litora torquent per conubia nostra, per inceptos himenaeos. Sed eget libero ac nisi scelerisque consectetur. Donec imperdiet dignissim ligula, non porta arcu consequat vulputate. Etiam consectetur, lacus tempus bibendum interdum, odio lorem lacinia sed. </p>', 2, 1, 1, '2012-11-02', '08:19:35', 'descargas/contenido.zip', ''),
(10, 'título 10', '<p>Lorem ipsum dolor sit amet, consectetur adipiscing elit. Donec feugiat dapibus nulla sed pharetra. Nunc orci dolor, fermentum a vulputate vitae, elementum et magna. Donec venenatis lorem non orci tristique aliquam. Class aptent taciti sociosqu ad litora torquent per conubia nostra, per inceptos himenaeos. Sed eget libero ac nisi scelerisque consectetur. Donec imperdiet dignissim ligula, non porta arcu consequat vulputate. Etiam consectetur, lacus tempus bibendum interdum, odio lorem lacinia sed. </p>', 1, 1, 1, '2012-11-02', '08:19:35', 'descargas/contenido.zip', ''),
(11, 'título 11', '<p>Lorem ipsum dolor sit amet, consectetur adipiscing elit. Donec feugiat dapibus nulla sed pharetra. Nunc orci dolor, fermentum a vulputate vitae, elementum et magna. Donec venenatis lorem non orci tristique aliquam. Class aptent taciti sociosqu ad litora torquent per conubia nostra, per inceptos himenaeos. Sed eget libero ac nisi scelerisque consectetur. Donec imperdiet dignissim ligula, non porta arcu consequat vulputate. Etiam consectetur, lacus tempus bibendum interdum, odio lorem lacinia sed. </p>', 1, 1, 1, '2012-11-02', '08:20:26', 'descargas/contenido.zip', ''),
(12, 'título 12', '<p>Lorem ipsum dolor sit amet, consectetur adipiscing elit. Donec feugiat dapibus nulla sed pharetra. Nunc orci dolor, fermentum a vulputate vitae, elementum et magna. Donec venenatis lorem non orci tristique aliquam. Class aptent taciti sociosqu ad litora torquent per conubia nostra, per inceptos himenaeos. Sed eget libero ac nisi scelerisque consectetur. Donec imperdiet dignissim ligula, non porta arcu consequat vulputate. Etiam consectetur, lacus tempus bibendum interdum, odio lorem lacinia sed. </p>', 2, 1, 1, '2012-11-02', '08:20:26', 'descargas/contenido.zip', ''),
(13, 'título 13', '<p>Lorem ipsum dolor sit amet, consectetur adipiscing elit. Donec feugiat dapibus nulla sed pharetra. Nunc orci dolor, fermentum a vulputate vitae, elementum et magna. Donec venenatis lorem non orci tristique aliquam. Class aptent taciti sociosqu ad litora torquent per conubia nostra, per inceptos himenaeos. Sed eget libero ac nisi scelerisque consectetur. Donec imperdiet dignissim ligula, non porta arcu consequat vulputate. Etiam consectetur, lacus tempus bibendum interdum, odio lorem lacinia sed. </p>', 2, 1, 1, '2012-11-02', '08:20:26', 'descargas/contenido.zip', ''),
(14, 'título 14', '<p>Lorem ipsum dolor sit amet, consectetur adipiscing elit. Donec feugiat dapibus nulla sed pharetra. Nunc orci dolor, fermentum a vulputate vitae, elementum et magna. Donec venenatis lorem non orci tristique aliquam. Class aptent taciti sociosqu ad litora torquent per conubia nostra, per inceptos himenaeos. Sed eget libero ac nisi scelerisque consectetur. Donec imperdiet dignissim ligula, non porta arcu consequat vulputate. Etiam consectetur, lacus tempus bibendum interdum, odio lorem lacinia sed. </p>', 1, 1, 1, '2012-11-02', '08:20:26', 'descargas/contenido.zip', ''),
(15, 'título 15', '<p>Lorem ipsum dolor sit amet, consectetur adipiscing elit. Donec feugiat dapibus nulla sed pharetra. Nunc orci dolor, fermentum a vulputate vitae, elementum et magna. Donec venenatis lorem non orci tristique aliquam. Class aptent taciti sociosqu ad litora torquent per conubia nostra, per inceptos himenaeos. Sed eget libero ac nisi scelerisque consectetur. Donec imperdiet dignissim ligula, non porta arcu consequat vulputate. Etiam consectetur, lacus tempus bibendum interdum, odio lorem lacinia sed. </p>', 2, 1, 1, '2012-11-02', '08:20:26', 'descargas/contenido.zip', ''),
(16, 'título 16', '<p>Lorem ipsum dolor sit amet, consectetur adipiscing elit. Donec feugiat dapibus nulla sed pharetra. Nunc orci dolor, fermentum a vulputate vitae, elementum et magna. Donec venenatis lorem non orci tristique aliquam. Class aptent taciti sociosqu ad litora torquent per conubia nostra, per inceptos himenaeos. Sed eget libero ac nisi scelerisque consectetur. Donec imperdiet dignissim ligula, non porta arcu consequat vulputate. Etiam consectetur, lacus tempus bibendum interdum, odio lorem lacinia sed. </p>', 2, 1, 1, '2012-11-02', '08:20:26', 'descargas/contenido.zip', ''),
(17, 'título 17', '<p>Lorem ipsum dolor sit amet, consectetur adipiscing elit. Donec feugiat dapibus nulla sed pharetra. Nunc orci dolor, fermentum a vulputate vitae, elementum et magna. Donec venenatis lorem non orci tristique aliquam. Class aptent taciti sociosqu ad litora torquent per conubia nostra, per inceptos himenaeos. Sed eget libero ac nisi scelerisque consectetur. Donec imperdiet dignissim ligula, non porta arcu consequat vulputate. Etiam consectetur, lacus tempus bibendum interdum, odio lorem lacinia sed. </p>', 2, 1, 1, '2012-11-02', '08:20:26', 'descargas/contenido.zip', ''),
(18, 'título 18', '<p>Lorem ipsum dolor sit amet, consectetur adipiscing elit. Donec feugiat dapibus nulla sed pharetra. Nunc orci dolor, fermentum a vulputate vitae, elementum et magna. Donec venenatis lorem non orci tristique aliquam. Class aptent taciti sociosqu ad litora torquent per conubia nostra, per inceptos himenaeos. Sed eget libero ac nisi scelerisque consectetur. Donec imperdiet dignissim ligula, non porta arcu consequat vulputate. Etiam consectetur, lacus tempus bibendum interdum, odio lorem lacinia sed. </p>', 2, 1, 1, '2012-11-02', '08:20:26', 'descargas/contenido.zip', ''),
(19, 'título 19', '<p>Lorem ipsum dolor sit amet, consectetur adipiscing elit. Donec feugiat dapibus nulla sed pharetra. Nunc orci dolor, fermentum a vulputate vitae, elementum et magna. Donec venenatis lorem non orci tristique aliquam. Class aptent taciti sociosqu ad litora torquent per conubia nostra, per inceptos himenaeos. Sed eget libero ac nisi scelerisque consectetur. Donec imperdiet dignissim ligula, non porta arcu consequat vulputate. Etiam consectetur, lacus tempus bibendum interdum, odio lorem lacinia sed. </p>', 2, 1, 1, '2012-11-02', '08:20:26', 'descargas/contenido.zip', ''),
(20, 'título 20', '<p>Lorem ipsum dolor sit amet, consectetur adipiscing elit. Donec feugiat dapibus nulla sed pharetra. Nunc orci dolor, fermentum a vulputate vitae, elementum et magna. Donec venenatis lorem non orci tristique aliquam. Class aptent taciti sociosqu ad litora torquent per conubia nostra, per inceptos himenaeos. Sed eget libero ac nisi scelerisque consectetur. Donec imperdiet dignissim ligula, non porta arcu consequat vulputate. Etiam consectetur, lacus tempus bibendum interdum, odio lorem lacinia sed. </p>', 1, 1, 1, '2012-11-02', '08:20:26', 'descargas/contenido.zip', ''),
(21, 'título 21', '<p>Lorem ipsum dolor sit amet, consectetur adipiscing elit. Donec feugiat dapibus nulla sed pharetra. Nunc orci dolor, fermentum a vulputate vitae, elementum et magna. Donec venenatis lorem non orci tristique aliquam. Class aptent taciti sociosqu ad litora torquent per conubia nostra, per inceptos himenaeos. Sed eget libero ac nisi scelerisque consectetur. Donec imperdiet dignissim ligula, non porta arcu consequat vulputate. Etiam consectetur, lacus tempus bibendum interdum, odio lorem lacinia sed. </p>', 1, 1, 1, '2012-11-02', '08:20:55', 'descargas/contenido.zip', ''),
(22, 'título 22', '<p>Lorem ipsum dolor sit amet, consectetur adipiscing elit. Donec feugiat dapibus nulla sed pharetra. Nunc orci dolor, fermentum a vulputate vitae, elementum et magna. Donec venenatis lorem non orci tristique aliquam. Class aptent taciti sociosqu ad litora torquent per conubia nostra, per inceptos himenaeos. Sed eget libero ac nisi scelerisque consectetur. Donec imperdiet dignissim ligula, non porta arcu consequat vulputate. Etiam consectetur, lacus tempus bibendum interdum, odio lorem lacinia sed. </p>', 2, 1, 1, '2012-11-02', '08:20:55', 'descargas/contenido.zip', ''),
(23, 'título 23', '<p>Lorem ipsum dolor sit amet, consectetur adipiscing elit. Donec feugiat dapibus nulla sed pharetra. Nunc orci dolor, fermentum a vulputate vitae, elementum et magna. Donec venenatis lorem non orci tristique aliquam. Class aptent taciti sociosqu ad litora torquent per conubia nostra, per inceptos himenaeos. Sed eget libero ac nisi scelerisque consectetur. Donec imperdiet dignissim ligula, non porta arcu consequat vulputate. Etiam consectetur, lacus tempus bibendum interdum, odio lorem lacinia sed. </p>', 2, 1, 1, '2012-11-02', '08:20:55', 'descargas/contenido.zip', ''),
(24, 'título 24', '<p>Lorem ipsum dolor sit amet, consectetur adipiscing elit. Donec feugiat dapibus nulla sed pharetra. Nunc orci dolor, fermentum a vulputate vitae, elementum et magna. Donec venenatis lorem non orci tristique aliquam. Class aptent taciti sociosqu ad litora torquent per conubia nostra, per inceptos himenaeos. Sed eget libero ac nisi scelerisque consectetur. Donec imperdiet dignissim ligula, non porta arcu consequat vulputate. Etiam consectetur, lacus tempus bibendum interdum, odio lorem lacinia sed. </p>', 1, 1, 1, '2012-11-02', '08:20:55', 'descargas/contenido.zip', ''),
(25, 'título 25', '<p>Lorem ipsum dolor sit amet, consectetur adipiscing elit. Donec feugiat dapibus nulla sed pharetra. Nunc orci dolor, fermentum a vulputate vitae, elementum et magna. Donec venenatis lorem non orci tristique aliquam. Class aptent taciti sociosqu ad litora torquent per conubia nostra, per inceptos himenaeos. Sed eget libero ac nisi scelerisque consectetur. Donec imperdiet dignissim ligula, non porta arcu consequat vulputate. Etiam consectetur, lacus tempus bibendum interdum, odio lorem lacinia sed. </p>', 2, 1, 1, '2012-11-02', '08:20:55', 'descargas/contenido.zip', ''),
(26, 'título 26', '<p>Lorem ipsum dolor sit amet, consectetur adipiscing elit. Donec feugiat dapibus nulla sed pharetra. Nunc orci dolor, fermentum a vulputate vitae, elementum et magna. Donec venenatis lorem non orci tristique aliquam. Class aptent taciti sociosqu ad litora torquent per conubia nostra, per inceptos himenaeos. Sed eget libero ac nisi scelerisque consectetur. Donec imperdiet dignissim ligula, non porta arcu consequat vulputate. Etiam consectetur, lacus tempus bibendum interdum, odio lorem lacinia sed. </p>', 2, 1, 1, '2012-11-02', '08:20:55', 'descargas/contenido.zip', ''),
(27, 'título 27', '<p>Lorem ipsum dolor sit amet, consectetur adipiscing elit. Donec feugiat dapibus nulla sed pharetra. Nunc orci dolor, fermentum a vulputate vitae, elementum et magna. Donec venenatis lorem non orci tristique aliquam. Class aptent taciti sociosqu ad litora torquent per conubia nostra, per inceptos himenaeos. Sed eget libero ac nisi scelerisque consectetur. Donec imperdiet dignissim ligula, non porta arcu consequat vulputate. Etiam consectetur, lacus tempus bibendum interdum, odio lorem lacinia sed. </p>', 2, 1, 1, '2012-11-02', '08:20:55', 'descargas/contenido.zip', ''),
(28, 'título 28', '<p>Lorem ipsum dolor sit amet, consectetur adipiscing elit. Donec feugiat dapibus nulla sed pharetra. Nunc orci dolor, fermentum a vulputate vitae, elementum et magna. Donec venenatis lorem non orci tristique aliquam. Class aptent taciti sociosqu ad litora torquent per conubia nostra, per inceptos himenaeos. Sed eget libero ac nisi scelerisque consectetur. Donec imperdiet dignissim ligula, non porta arcu consequat vulputate. Etiam consectetur, lacus tempus bibendum interdum, odio lorem lacinia sed. </p>', 2, 1, 1, '2012-11-02', '08:20:55', 'descargas/contenido.zip', ''),
(29, 'título 29', '<p>Lorem ipsum dolor sit amet, consectetur adipiscing elit. Donec feugiat dapibus nulla sed pharetra. Nunc orci dolor, fermentum a vulputate vitae, elementum et magna. Donec venenatis lorem non orci tristique aliquam. Class aptent taciti sociosqu ad litora torquent per conubia nostra, per inceptos himenaeos. Sed eget libero ac nisi scelerisque consectetur. Donec imperdiet dignissim ligula, non porta arcu consequat vulputate. Etiam consectetur, lacus tempus bibendum interdum, odio lorem lacinia sed. </p>', 2, 1, 1, '2012-11-02', '08:20:55', 'descargas/contenido.zip', ''),
(30, 'título 30', '<p>Lorem ipsum dolor sit amet, consectetur adipiscing elit. Donec feugiat dapibus nulla sed pharetra. Nunc orci dolor, fermentum a vulputate vitae, elementum et magna. Donec venenatis lorem non orci tristique aliquam. Class aptent taciti sociosqu ad litora torquent per conubia nostra, per inceptos himenaeos. Sed eget libero ac nisi scelerisque consectetur. Donec imperdiet dignissim ligula, non porta arcu consequat vulputate. Etiam consectetur, lacus tempus bibendum interdum, odio lorem lacinia sed. </p>', 1, 1, 1, '2012-11-02', '08:20:55', 'descargas/contenido.zip', ''),
(31, 'título 31', '<p>Lorem ipsum dolor sit amet, consectetur adipiscing elit. Donec feugiat dapibus nulla sed pharetra. Nunc orci dolor, fermentum a vulputate vitae, elementum et magna. Donec venenatis lorem non orci tristique aliquam. Class aptent taciti sociosqu ad litora torquent per conubia nostra, per inceptos himenaeos. Sed eget libero ac nisi scelerisque consectetur. Donec imperdiet dignissim ligula, non porta arcu consequat vulputate. Etiam consectetur, lacus tempus bibendum interdum, odio lorem lacinia sed. </p>', 1, 1, 1, '2012-11-02', '08:21:32', 'descargas/contenido.zip', ''),
(32, 'título 32', '<p>Lorem ipsum dolor sit amet, consectetur adipiscing elit. Donec feugiat dapibus nulla sed pharetra. Nunc orci dolor, fermentum a vulputate vitae, elementum et magna. Donec venenatis lorem non orci tristique aliquam. Class aptent taciti sociosqu ad litora torquent per conubia nostra, per inceptos himenaeos. Sed eget libero ac nisi scelerisque consectetur. Donec imperdiet dignissim ligula, non porta arcu consequat vulputate. Etiam consectetur, lacus tempus bibendum interdum, odio lorem lacinia sed. </p>', 2, 1, 1, '2012-11-02', '08:21:32', 'descargas/contenido.zip', ''),
(33, 'título 33', '<p>Lorem ipsum dolor sit amet, consectetur adipiscing elit. Donec feugiat dapibus nulla sed pharetra. Nunc orci dolor, fermentum a vulputate vitae, elementum et magna. Donec venenatis lorem non orci tristique aliquam. Class aptent taciti sociosqu ad litora torquent per conubia nostra, per inceptos himenaeos. Sed eget libero ac nisi scelerisque consectetur. Donec imperdiet dignissim ligula, non porta arcu consequat vulputate. Etiam consectetur, lacus tempus bibendum interdum, odio lorem lacinia sed. </p>', 2, 1, 1, '2012-11-02', '08:21:32', 'descargas/contenido.zip', ''),
(34, 'título 34', '<p>Lorem ipsum dolor sit amet, consectetur adipiscing elit. Donec feugiat dapibus nulla sed pharetra. Nunc orci dolor, fermentum a vulputate vitae, elementum et magna. Donec venenatis lorem non orci tristique aliquam. Class aptent taciti sociosqu ad litora torquent per conubia nostra, per inceptos himenaeos. Sed eget libero ac nisi scelerisque consectetur. Donec imperdiet dignissim ligula, non porta arcu consequat vulputate. Etiam consectetur, lacus tempus bibendum interdum, odio lorem lacinia sed. </p>', 1, 1, 1, '2012-11-02', '08:21:32', 'descargas/contenido.zip', ''),
(35, 'título 35', '<p>Lorem ipsum dolor sit amet, consectetur adipiscing elit. Donec feugiat dapibus nulla sed pharetra. Nunc orci dolor, fermentum a vulputate vitae, elementum et magna. Donec venenatis lorem non orci tristique aliquam. Class aptent taciti sociosqu ad litora torquent per conubia nostra, per inceptos himenaeos. Sed eget libero ac nisi scelerisque consectetur. Donec imperdiet dignissim ligula, non porta arcu consequat vulputate. Etiam consectetur, lacus tempus bibendum interdum, odio lorem lacinia sed. </p>', 2, 1, 1, '2012-11-02', '08:21:32', 'descargas/contenido.zip', ''),
(36, 'título 36', '<p>Lorem ipsum dolor sit amet, consectetur adipiscing elit. Donec feugiat dapibus nulla sed pharetra. Nunc orci dolor, fermentum a vulputate vitae, elementum et magna. Donec venenatis lorem non orci tristique aliquam. Class aptent taciti sociosqu ad litora torquent per conubia nostra, per inceptos himenaeos. Sed eget libero ac nisi scelerisque consectetur. Donec imperdiet dignissim ligula, non porta arcu consequat vulputate. Etiam consectetur, lacus tempus bibendum interdum, odio lorem lacinia sed. </p>', 2, 1, 1, '2012-11-02', '08:21:32', 'descargas/contenido.zip', ''),
(37, 'título 37', '<p>Lorem ipsum dolor sit amet, consectetur adipiscing elit. Donec feugiat dapibus nulla sed pharetra. Nunc orci dolor, fermentum a vulputate vitae, elementum et magna. Donec venenatis lorem non orci tristique aliquam. Class aptent taciti sociosqu ad litora torquent per conubia nostra, per inceptos himenaeos. Sed eget libero ac nisi scelerisque consectetur. Donec imperdiet dignissim ligula, non porta arcu consequat vulputate. Etiam consectetur, lacus tempus bibendum interdum, odio lorem lacinia sed. </p>', 2, 1, 1, '2012-11-02', '08:21:32', 'descargas/contenido.zip', ''),
(38, 'título 38', '<p>Lorem ipsum dolor sit amet, consectetur adipiscing elit. Donec feugiat dapibus nulla sed pharetra. Nunc orci dolor, fermentum a vulputate vitae, elementum et magna. Donec venenatis lorem non orci tristique aliquam. Class aptent taciti sociosqu ad litora torquent per conubia nostra, per inceptos himenaeos. Sed eget libero ac nisi scelerisque consectetur. Donec imperdiet dignissim ligula, non porta arcu consequat vulputate. Etiam consectetur, lacus tempus bibendum interdum, odio lorem lacinia sed. </p>', 2, 1, 1, '2012-11-02', '08:21:32', 'descargas/contenido.zip', ''),
(39, 'título 39', '<p>Lorem ipsum dolor sit amet, consectetur adipiscing elit. Donec feugiat dapibus nulla sed pharetra. Nunc orci dolor, fermentum a vulputate vitae, elementum et magna. Donec venenatis lorem non orci tristique aliquam. Class aptent taciti sociosqu ad litora torquent per conubia nostra, per inceptos himenaeos. Sed eget libero ac nisi scelerisque consectetur. Donec imperdiet dignissim ligula, non porta arcu consequat vulputate. Etiam consectetur, lacus tempus bibendum interdum, odio lorem lacinia sed. </p>', 2, 1, 1, '2012-11-02', '08:21:32', 'descargas/contenido.zip', ''),
(40, 'título 40', '<p>Lorem ipsum dolor sit amet, consectetur adipiscing elit. Donec feugiat dapibus nulla sed pharetra. Nunc orci dolor, fermentum a vulputate vitae, elementum et magna. Donec venenatis lorem non orci tristique aliquam. Class aptent taciti sociosqu ad litora torquent per conubia nostra, per inceptos himenaeos. Sed eget libero ac nisi scelerisque consectetur. Donec imperdiet dignissim ligula, non porta arcu consequat vulputate. Etiam consectetur, lacus tempus bibendum interdum, odio lorem lacinia sed. </p>', 1, 1, 1, '2012-11-02', '08:21:32', 'descargas/contenido.zip', ''),
(41, 'título 41', '<p>Lorem ipsum dolor sit amet, consectetur adipiscing elit. Donec feugiat dapibus nulla sed pharetra. Nunc orci dolor, fermentum a vulputate vitae, elementum et magna. Donec venenatis lorem non orci tristique aliquam. Class aptent taciti sociosqu ad litora torquent per conubia nostra, per inceptos himenaeos. Sed eget libero ac nisi scelerisque consectetur. Donec imperdiet dignissim ligula, non porta arcu consequat vulputate. Etiam consectetur, lacus tempus bibendum interdum, odio lorem lacinia sed. </p>', 1, 1, 1, '2012-11-02', '08:22:06', 'descargas/contenido.zip', ''),
(42, 'título 42', '<p>Lorem ipsum dolor sit amet, consectetur adipiscing elit. Donec feugiat dapibus nulla sed pharetra. Nunc orci dolor, fermentum a vulputate vitae, elementum et magna. Donec venenatis lorem non orci tristique aliquam. Class aptent taciti sociosqu ad litora torquent per conubia nostra, per inceptos himenaeos. Sed eget libero ac nisi scelerisque consectetur. Donec imperdiet dignissim ligula, non porta arcu consequat vulputate. Etiam consectetur, lacus tempus bibendum interdum, odio lorem lacinia sed. </p>', 2, 1, 1, '2012-11-02', '08:22:06', 'descargas/contenido.zip', ''),
(43, 'título 43', '<p>Lorem ipsum dolor sit amet, consectetur adipiscing elit. Donec feugiat dapibus nulla sed pharetra. Nunc orci dolor, fermentum a vulputate vitae, elementum et magna. Donec venenatis lorem non orci tristique aliquam. Class aptent taciti sociosqu ad litora torquent per conubia nostra, per inceptos himenaeos. Sed eget libero ac nisi scelerisque consectetur. Donec imperdiet dignissim ligula, non porta arcu consequat vulputate. Etiam consectetur, lacus tempus bibendum interdum, odio lorem lacinia sed. </p>', 2, 1, 1, '2012-11-02', '08:22:06', 'descargas/contenido.zip', ''),
(44, 'título 44', '<p>Lorem ipsum dolor sit amet, consectetur adipiscing elit. Donec feugiat dapibus nulla sed pharetra. Nunc orci dolor, fermentum a vulputate vitae, elementum et magna. Donec venenatis lorem non orci tristique aliquam. Class aptent taciti sociosqu ad litora torquent per conubia nostra, per inceptos himenaeos. Sed eget libero ac nisi scelerisque consectetur. Donec imperdiet dignissim ligula, non porta arcu consequat vulputate. Etiam consectetur, lacus tempus bibendum interdum, odio lorem lacinia sed. </p>', 1, 1, 1, '2012-11-02', '08:22:06', 'descargas/contenido.zip', ''),
(45, 'título 45', '<p>Lorem ipsum dolor sit amet, consectetur adipiscing elit. Donec feugiat dapibus nulla sed pharetra. Nunc orci dolor, fermentum a vulputate vitae, elementum et magna. Donec venenatis lorem non orci tristique aliquam. Class aptent taciti sociosqu ad litora torquent per conubia nostra, per inceptos himenaeos. Sed eget libero ac nisi scelerisque consectetur. Donec imperdiet dignissim ligula, non porta arcu consequat vulputate. Etiam consectetur, lacus tempus bibendum interdum, odio lorem lacinia sed. </p>', 2, 1, 1, '2012-11-02', '08:22:06', 'descargas/contenido.zip', ''),
(46, 'título 46', '<p>Lorem ipsum dolor sit amet, consectetur adipiscing elit. Donec feugiat dapibus nulla sed pharetra. Nunc orci dolor, fermentum a vulputate vitae, elementum et magna. Donec venenatis lorem non orci tristique aliquam. Class aptent taciti sociosqu ad litora torquent per conubia nostra, per inceptos himenaeos. Sed eget libero ac nisi scelerisque consectetur. Donec imperdiet dignissim ligula, non porta arcu consequat vulputate. Etiam consectetur, lacus tempus bibendum interdum, odio lorem lacinia sed. </p>', 2, 1, 1, '2012-11-02', '08:22:06', 'descargas/contenido.zip', ''),
(47, 'título 47', '<p>Lorem ipsum dolor sit amet, consectetur adipiscing elit. Donec feugiat dapibus nulla sed pharetra. Nunc orci dolor, fermentum a vulputate vitae, elementum et magna. Donec venenatis lorem non orci tristique aliquam. Class aptent taciti sociosqu ad litora torquent per conubia nostra, per inceptos himenaeos. Sed eget libero ac nisi scelerisque consectetur. Donec imperdiet dignissim ligula, non porta arcu consequat vulputate. Etiam consectetur, lacus tempus bibendum interdum, odio lorem lacinia sed. </p>', 2, 1, 1, '2012-11-02', '08:22:06', 'descargas/contenido.zip', ''),
(48, 'título 48', '<p>Lorem ipsum dolor sit amet, consectetur adipiscing elit. Donec feugiat dapibus nulla sed pharetra. Nunc orci dolor, fermentum a vulputate vitae, elementum et magna. Donec venenatis lorem non orci tristique aliquam. Class aptent taciti sociosqu ad litora torquent per conubia nostra, per inceptos himenaeos. Sed eget libero ac nisi scelerisque consectetur. Donec imperdiet dignissim ligula, non porta arcu consequat vulputate. Etiam consectetur, lacus tempus bibendum interdum, odio lorem lacinia sed. </p>', 2, 1, 1, '2012-11-02', '08:22:06', 'descargas/contenido.zip', ''),
(49, 'título 49', '<p>Lorem ipsum dolor sit amet, consectetur adipiscing elit. Donec feugiat dapibus nulla sed pharetra. Nunc orci dolor, fermentum a vulputate vitae, elementum et magna. Donec venenatis lorem non orci tristique aliquam. Class aptent taciti sociosqu ad litora torquent per conubia nostra, per inceptos himenaeos. Sed eget libero ac nisi scelerisque consectetur. Donec imperdiet dignissim ligula, non porta arcu consequat vulputate. Etiam consectetur, lacus tempus bibendum interdum, odio lorem lacinia sed. </p>', 2, 1, 1, '2012-11-02', '08:22:06', 'descargas/contenido.zip', ''),
(50, 'título 50', '<p>Lorem ipsum dolor sit amet, consectetur adipiscing elit. Donec feugiat dapibus nulla sed pharetra. Nunc orci dolor, fermentum a vulputate vitae, elementum et magna. Donec venenatis lorem non orci tristique aliquam. Class aptent taciti sociosqu ad litora torquent per conubia nostra, per inceptos himenaeos. Sed eget libero ac nisi scelerisque consectetur. Donec imperdiet dignissim ligula, non porta arcu consequat vulputate. Etiam consectetur, lacus tempus bibendum interdum, odio lorem lacinia sed. </p>', 1, 1, 1, '2012-11-02', '08:22:06', 'descargas/contenido.zip', ''),
(51, 'título 51', '<p>Lorem ipsum dolor sit amet, consectetur adipiscing elit. Donec feugiat dapibus nulla sed pharetra. Nunc orci dolor, fermentum a vulputate vitae, elementum et magna. Donec venenatis lorem non orci tristique aliquam. Class aptent taciti sociosqu ad litora torquent per conubia nostra, per inceptos himenaeos. Sed eget libero ac nisi scelerisque consectetur. Donec imperdiet dignissim ligula, non porta arcu consequat vulputate. Etiam consectetur, lacus tempus bibendum interdum, odio lorem lacinia sed. </p>', 1, 1, 1, '2012-11-02', '08:35:50', 'descargas/contenido.zip', ''),
(52, 'título 52', '<p>Lorem ipsum dolor sit amet, consectetur adipiscing elit. Donec feugiat dapibus nulla sed pharetra. Nunc orci dolor, fermentum a vulputate vitae, elementum et magna. Donec venenatis lorem non orci tristique aliquam. Class aptent taciti sociosqu ad litora torquent per conubia nostra, per inceptos himenaeos. Sed eget libero ac nisi scelerisque consectetur. Donec imperdiet dignissim ligula, non porta arcu consequat vulputate. Etiam consectetur, lacus tempus bibendum interdum, odio lorem lacinia sed. </p>', 2, 1, 1, '2012-11-02', '08:35:50', 'descargas/contenido.zip', ''),
(53, 'título 53', '<p>Lorem ipsum dolor sit amet, consectetur adipiscing elit. Donec feugiat dapibus nulla sed pharetra. Nunc orci dolor, fermentum a vulputate vitae, elementum et magna. Donec venenatis lorem non orci tristique aliquam. Class aptent taciti sociosqu ad litora torquent per conubia nostra, per inceptos himenaeos. Sed eget libero ac nisi scelerisque consectetur. Donec imperdiet dignissim ligula, non porta arcu consequat vulputate. Etiam consectetur, lacus tempus bibendum interdum, odio lorem lacinia sed. </p>', 2, 1, 1, '2012-11-02', '08:35:50', 'descargas/contenido.zip', ''),
(54, 'título 54', '<p>Lorem ipsum dolor sit amet, consectetur adipiscing elit. Donec feugiat dapibus nulla sed pharetra. Nunc orci dolor, fermentum a vulputate vitae, elementum et magna. Donec venenatis lorem non orci tristique aliquam. Class aptent taciti sociosqu ad litora torquent per conubia nostra, per inceptos himenaeos. Sed eget libero ac nisi scelerisque consectetur. Donec imperdiet dignissim ligula, non porta arcu consequat vulputate. Etiam consectetur, lacus tempus bibendum interdum, odio lorem lacinia sed. </p>', 1, 1, 1, '2012-11-02', '08:35:50', 'descargas/contenido.zip', ''),
(55, 'título 55', '<p>Lorem ipsum dolor sit amet, consectetur adipiscing elit. Donec feugiat dapibus nulla sed pharetra. Nunc orci dolor, fermentum a vulputate vitae, elementum et magna. Donec venenatis lorem non orci tristique aliquam. Class aptent taciti sociosqu ad litora torquent per conubia nostra, per inceptos himenaeos. Sed eget libero ac nisi scelerisque consectetur. Donec imperdiet dignissim ligula, non porta arcu consequat vulputate. Etiam consectetur, lacus tempus bibendum interdum, odio lorem lacinia sed. </p>', 2, 1, 1, '2012-11-02', '08:35:50', 'descargas/contenido.zip', ''),
(56, 'título 56', '<p>Lorem ipsum dolor sit amet, consectetur adipiscing elit. Donec feugiat dapibus nulla sed pharetra. Nunc orci dolor, fermentum a vulputate vitae, elementum et magna. Donec venenatis lorem non orci tristique aliquam. Class aptent taciti sociosqu ad litora torquent per conubia nostra, per inceptos himenaeos. Sed eget libero ac nisi scelerisque consectetur. Donec imperdiet dignissim ligula, non porta arcu consequat vulputate. Etiam consectetur, lacus tempus bibendum interdum, odio lorem lacinia sed. </p>', 2, 1, 1, '2012-11-02', '08:35:50', 'descargas/contenido.zip', ''),
(57, 'título 57', '<p>Lorem ipsum dolor sit amet, consectetur adipiscing elit. Donec feugiat dapibus nulla sed pharetra. Nunc orci dolor, fermentum a vulputate vitae, elementum et magna. Donec venenatis lorem non orci tristique aliquam. Class aptent taciti sociosqu ad litora torquent per conubia nostra, per inceptos himenaeos. Sed eget libero ac nisi scelerisque consectetur. Donec imperdiet dignissim ligula, non porta arcu consequat vulputate. Etiam consectetur, lacus tempus bibendum interdum, odio lorem lacinia sed. </p>', 2, 1, 1, '2012-11-02', '08:35:50', 'descargas/contenido.zip', ''),
(58, 'título 58', '<p>Lorem ipsum dolor sit amet, consectetur adipiscing elit. Donec feugiat dapibus nulla sed pharetra. Nunc orci dolor, fermentum a vulputate vitae, elementum et magna. Donec venenatis lorem non orci tristique aliquam. Class aptent taciti sociosqu ad litora torquent per conubia nostra, per inceptos himenaeos. Sed eget libero ac nisi scelerisque consectetur. Donec imperdiet dignissim ligula, non porta arcu consequat vulputate. Etiam consectetur, lacus tempus bibendum interdum, odio lorem lacinia sed. </p>', 2, 1, 1, '2012-11-02', '08:35:50', 'descargas/contenido.zip', ''),
(59, 'título 59', '<p>Lorem ipsum dolor sit amet, consectetur adipiscing elit. Donec feugiat dapibus nulla sed pharetra. Nunc orci dolor, fermentum a vulputate vitae, elementum et magna. Donec venenatis lorem non orci tristique aliquam. Class aptent taciti sociosqu ad litora torquent per conubia nostra, per inceptos himenaeos. Sed eget libero ac nisi scelerisque consectetur. Donec imperdiet dignissim ligula, non porta arcu consequat vulputate. Etiam consectetur, lacus tempus bibendum interdum, odio lorem lacinia sed. </p>', 2, 1, 1, '2012-11-02', '08:35:50', 'descargas/contenido.zip', ''),
(60, 'título 60', '<p>Lorem ipsum dolor sit amet, consectetur adipiscing elit. Donec feugiat dapibus nulla sed pharetra. Nunc orci dolor, fermentum a vulputate vitae, elementum et magna. Donec venenatis lorem non orci tristique aliquam. Class aptent taciti sociosqu ad litora torquent per conubia nostra, per inceptos himenaeos. Sed eget libero ac nisi scelerisque consectetur. Donec imperdiet dignissim ligula, non porta arcu consequat vulputate. Etiam consectetur, lacus tempus bibendum interdum, odio lorem lacinia sed. </p>', 1, 1, 1, '2012-11-02', '08:35:50', 'descargas/contenido.zip', ''),
(61, 'título 61', '<p>Lorem ipsum dolor sit amet, consectetur adipiscing elit. Donec feugiat dapibus nulla sed pharetra. Nunc orci dolor, fermentum a vulputate vitae, elementum et magna. Donec venenatis lorem non orci tristique aliquam. Class aptent taciti sociosqu ad litora torquent per conubia nostra, per inceptos himenaeos. Sed eget libero ac nisi scelerisque consectetur. Donec imperdiet dignissim ligula, non porta arcu consequat vulputate. Etiam consectetur, lacus tempus bibendum interdum, odio lorem lacinia sed. </p>', 1, 1, 1, '2012-11-02', '08:36:17', 'descargas/contenido.zip', ''),
(62, 'título 62', '<p>Lorem ipsum dolor sit amet, consectetur adipiscing elit. Donec feugiat dapibus nulla sed pharetra. Nunc orci dolor, fermentum a vulputate vitae, elementum et magna. Donec venenatis lorem non orci tristique aliquam. Class aptent taciti sociosqu ad litora torquent per conubia nostra, per inceptos himenaeos. Sed eget libero ac nisi scelerisque consectetur. Donec imperdiet dignissim ligula, non porta arcu consequat vulputate. Etiam consectetur, lacus tempus bibendum interdum, odio lorem lacinia sed. </p>', 2, 1, 1, '2012-11-02', '08:36:17', 'descargas/contenido.zip', ''),
(63, 'título 63', '<p>Lorem ipsum dolor sit amet, consectetur adipiscing elit. Donec feugiat dapibus nulla sed pharetra. Nunc orci dolor, fermentum a vulputate vitae, elementum et magna. Donec venenatis lorem non orci tristique aliquam. Class aptent taciti sociosqu ad litora torquent per conubia nostra, per inceptos himenaeos. Sed eget libero ac nisi scelerisque consectetur. Donec imperdiet dignissim ligula, non porta arcu consequat vulputate. Etiam consectetur, lacus tempus bibendum interdum, odio lorem lacinia sed. </p>', 2, 1, 1, '2012-11-02', '08:36:17', 'descargas/contenido.zip', ''),
(64, 'título 64', '<p>Lorem ipsum dolor sit amet, consectetur adipiscing elit. Donec feugiat dapibus nulla sed pharetra. Nunc orci dolor, fermentum a vulputate vitae, elementum et magna. Donec venenatis lorem non orci tristique aliquam. Class aptent taciti sociosqu ad litora torquent per conubia nostra, per inceptos himenaeos. Sed eget libero ac nisi scelerisque consectetur. Donec imperdiet dignissim ligula, non porta arcu consequat vulputate. Etiam consectetur, lacus tempus bibendum interdum, odio lorem lacinia sed. </p>', 1, 1, 1, '2012-11-02', '08:36:17', 'descargas/contenido.zip', ''),
(65, 'título 65', '<p>Lorem ipsum dolor sit amet, consectetur adipiscing elit. Donec feugiat dapibus nulla sed pharetra. Nunc orci dolor, fermentum a vulputate vitae, elementum et magna. Donec venenatis lorem non orci tristique aliquam. Class aptent taciti sociosqu ad litora torquent per conubia nostra, per inceptos himenaeos. Sed eget libero ac nisi scelerisque consectetur. Donec imperdiet dignissim ligula, non porta arcu consequat vulputate. Etiam consectetur, lacus tempus bibendum interdum, odio lorem lacinia sed. </p>', 2, 1, 1, '2012-11-02', '08:36:17', 'descargas/contenido.zip', ''),
(66, 'título 66', '<p>Lorem ipsum dolor sit amet, consectetur adipiscing elit. Donec feugiat dapibus nulla sed pharetra. Nunc orci dolor, fermentum a vulputate vitae, elementum et magna. Donec venenatis lorem non orci tristique aliquam. Class aptent taciti sociosqu ad litora torquent per conubia nostra, per inceptos himenaeos. Sed eget libero ac nisi scelerisque consectetur. Donec imperdiet dignissim ligula, non porta arcu consequat vulputate. Etiam consectetur, lacus tempus bibendum interdum, odio lorem lacinia sed. </p>', 2, 1, 1, '2012-11-02', '08:36:17', 'descargas/contenido.zip', ''),
(67, 'título 67', '<p>Lorem ipsum dolor sit amet, consectetur adipiscing elit. Donec feugiat dapibus nulla sed pharetra. Nunc orci dolor, fermentum a vulputate vitae, elementum et magna. Donec venenatis lorem non orci tristique aliquam. Class aptent taciti sociosqu ad litora torquent per conubia nostra, per inceptos himenaeos. Sed eget libero ac nisi scelerisque consectetur. Donec imperdiet dignissim ligula, non porta arcu consequat vulputate. Etiam consectetur, lacus tempus bibendum interdum, odio lorem lacinia sed. </p>', 2, 1, 1, '2012-11-02', '08:36:17', 'descargas/contenido.zip', ''),
(68, 'título 68', '<p>Lorem ipsum dolor sit amet, consectetur adipiscing elit. Donec feugiat dapibus nulla sed pharetra. Nunc orci dolor, fermentum a vulputate vitae, elementum et magna. Donec venenatis lorem non orci tristique aliquam. Class aptent taciti sociosqu ad litora torquent per conubia nostra, per inceptos himenaeos. Sed eget libero ac nisi scelerisque consectetur. Donec imperdiet dignissim ligula, non porta arcu consequat vulputate. Etiam consectetur, lacus tempus bibendum interdum, odio lorem lacinia sed. </p>', 2, 1, 1, '2012-11-02', '08:36:17', 'descargas/contenido.zip', ''),
(69, 'título 69', '<p>Lorem ipsum dolor sit amet, consectetur adipiscing elit. Donec feugiat dapibus nulla sed pharetra. Nunc orci dolor, fermentum a vulputate vitae, elementum et magna. Donec venenatis lorem non orci tristique aliquam. Class aptent taciti sociosqu ad litora torquent per conubia nostra, per inceptos himenaeos. Sed eget libero ac nisi scelerisque consectetur. Donec imperdiet dignissim ligula, non porta arcu consequat vulputate. Etiam consectetur, lacus tempus bibendum interdum, odio lorem lacinia sed. </p>', 2, 1, 1, '2012-11-02', '08:36:17', 'descargas/contenido.zip', ''),
(70, 'título 70', '<p>Lorem ipsum dolor sit amet, consectetur adipiscing elit. Donec feugiat dapibus nulla sed pharetra. Nunc orci dolor, fermentum a vulputate vitae, elementum et magna. Donec venenatis lorem non orci tristique aliquam. Class aptent taciti sociosqu ad litora torquent per conubia nostra, per inceptos himenaeos. Sed eget libero ac nisi scelerisque consectetur. Donec imperdiet dignissim ligula, non porta arcu consequat vulputate. Etiam consectetur, lacus tempus bibendum interdum, odio lorem lacinia sed. </p>', 1, 1, 1, '2012-11-02', '08:36:17', 'descargas/contenido.zip', ''),
(71, 'título 71', '<p>Lorem ipsum dolor sit amet, consectetur adipiscing elit. Donec feugiat dapibus nulla sed pharetra. Nunc orci dolor, fermentum a vulputate vitae, elementum et magna. Donec venenatis lorem non orci tristique aliquam. Class aptent taciti sociosqu ad litora torquent per conubia nostra, per inceptos himenaeos. Sed eget libero ac nisi scelerisque consectetur. Donec imperdiet dignissim ligula, non porta arcu consequat vulputate. Etiam consectetur, lacus tempus bibendum interdum, odio lorem lacinia sed. </p>', 1, 1, 1, '2012-11-02', '08:36:43', 'descargas/contenido.zip', ''),
(72, 'título 72', '<p>Lorem ipsum dolor sit amet, consectetur adipiscing elit. Donec feugiat dapibus nulla sed pharetra. Nunc orci dolor, fermentum a vulputate vitae, elementum et magna. Donec venenatis lorem non orci tristique aliquam. Class aptent taciti sociosqu ad litora torquent per conubia nostra, per inceptos himenaeos. Sed eget libero ac nisi scelerisque consectetur. Donec imperdiet dignissim ligula, non porta arcu consequat vulputate. Etiam consectetur, lacus tempus bibendum interdum, odio lorem lacinia sed. </p>', 2, 1, 1, '2012-11-02', '08:36:43', 'descargas/contenido.zip', ''),
(73, 'título 73', '<p>Lorem ipsum dolor sit amet, consectetur adipiscing elit. Donec feugiat dapibus nulla sed pharetra. Nunc orci dolor, fermentum a vulputate vitae, elementum et magna. Donec venenatis lorem non orci tristique aliquam. Class aptent taciti sociosqu ad litora torquent per conubia nostra, per inceptos himenaeos. Sed eget libero ac nisi scelerisque consectetur. Donec imperdiet dignissim ligula, non porta arcu consequat vulputate. Etiam consectetur, lacus tempus bibendum interdum, odio lorem lacinia sed. </p>', 2, 1, 1, '2012-11-02', '08:36:43', 'descargas/contenido.zip', ''),
(74, 'título 74', '<p>Lorem ipsum dolor sit amet, consectetur adipiscing elit. Donec feugiat dapibus nulla sed pharetra. Nunc orci dolor, fermentum a vulputate vitae, elementum et magna. Donec venenatis lorem non orci tristique aliquam. Class aptent taciti sociosqu ad litora torquent per conubia nostra, per inceptos himenaeos. Sed eget libero ac nisi scelerisque consectetur. Donec imperdiet dignissim ligula, non porta arcu consequat vulputate. Etiam consectetur, lacus tempus bibendum interdum, odio lorem lacinia sed. </p>', 1, 1, 1, '2012-11-02', '08:36:43', 'descargas/contenido.zip', ''),
(75, 'título 75', '<p>Lorem ipsum dolor sit amet, consectetur adipiscing elit. Donec feugiat dapibus nulla sed pharetra. Nunc orci dolor, fermentum a vulputate vitae, elementum et magna. Donec venenatis lorem non orci tristique aliquam. Class aptent taciti sociosqu ad litora torquent per conubia nostra, per inceptos himenaeos. Sed eget libero ac nisi scelerisque consectetur. Donec imperdiet dignissim ligula, non porta arcu consequat vulputate. Etiam consectetur, lacus tempus bibendum interdum, odio lorem lacinia sed. </p>', 2, 1, 1, '2012-11-02', '08:36:43', 'descargas/contenido.zip', ''),
(76, 'título 76', '<p>Lorem ipsum dolor sit amet, consectetur adipiscing elit. Donec feugiat dapibus nulla sed pharetra. Nunc orci dolor, fermentum a vulputate vitae, elementum et magna. Donec venenatis lorem non orci tristique aliquam. Class aptent taciti sociosqu ad litora torquent per conubia nostra, per inceptos himenaeos. Sed eget libero ac nisi scelerisque consectetur. Donec imperdiet dignissim ligula, non porta arcu consequat vulputate. Etiam consectetur, lacus tempus bibendum interdum, odio lorem lacinia sed. </p>', 2, 1, 1, '2012-11-02', '08:36:43', 'descargas/contenido.zip', ''),
(77, 'título 77', '<p>Lorem ipsum dolor sit amet, consectetur adipiscing elit. Donec feugiat dapibus nulla sed pharetra. Nunc orci dolor, fermentum a vulputate vitae, elementum et magna. Donec venenatis lorem non orci tristique aliquam. Class aptent taciti sociosqu ad litora torquent per conubia nostra, per inceptos himenaeos. Sed eget libero ac nisi scelerisque consectetur. Donec imperdiet dignissim ligula, non porta arcu consequat vulputate. Etiam consectetur, lacus tempus bibendum interdum, odio lorem lacinia sed. </p>', 2, 1, 1, '2012-11-02', '08:36:43', 'descargas/contenido.zip', ''),
(78, 'título 78', '<p>Lorem ipsum dolor sit amet, consectetur adipiscing elit. Donec feugiat dapibus nulla sed pharetra. Nunc orci dolor, fermentum a vulputate vitae, elementum et magna. Donec venenatis lorem non orci tristique aliquam. Class aptent taciti sociosqu ad litora torquent per conubia nostra, per inceptos himenaeos. Sed eget libero ac nisi scelerisque consectetur. Donec imperdiet dignissim ligula, non porta arcu consequat vulputate. Etiam consectetur, lacus tempus bibendum interdum, odio lorem lacinia sed. </p>', 2, 1, 1, '2012-11-02', '08:36:43', 'descargas/contenido.zip', ''),
(79, 'título 79', '<p>Lorem ipsum dolor sit amet, consectetur adipiscing elit. Donec feugiat dapibus nulla sed pharetra. Nunc orci dolor, fermentum a vulputate vitae, elementum et magna. Donec venenatis lorem non orci tristique aliquam. Class aptent taciti sociosqu ad litora torquent per conubia nostra, per inceptos himenaeos. Sed eget libero ac nisi scelerisque consectetur. Donec imperdiet dignissim ligula, non porta arcu consequat vulputate. Etiam consectetur, lacus tempus bibendum interdum, odio lorem lacinia sed. </p>', 2, 1, 1, '2012-11-02', '08:36:43', 'descargas/contenido.zip', ''),
(80, 'título 80', '<p>Lorem ipsum dolor sit amet, consectetur adipiscing elit. Donec feugiat dapibus nulla sed pharetra. Nunc orci dolor, fermentum a vulputate vitae, elementum et magna. Donec venenatis lorem non orci tristique aliquam. Class aptent taciti sociosqu ad litora torquent per conubia nostra, per inceptos himenaeos. Sed eget libero ac nisi scelerisque consectetur. Donec imperdiet dignissim ligula, non porta arcu consequat vulputate. Etiam consectetur, lacus tempus bibendum interdum, odio lorem lacinia sed. </p>', 1, 1, 1, '2012-11-02', '08:36:43', 'descargas/contenido.zip', ''),
(81, 'título 81', '<p>Lorem ipsum dolor sit amet, consectetur adipiscing elit. Donec feugiat dapibus nulla sed pharetra. Nunc orci dolor, fermentum a vulputate vitae, elementum et magna. Donec venenatis lorem non orci tristique aliquam. Class aptent taciti sociosqu ad litora torquent per conubia nostra, per inceptos himenaeos. Sed eget libero ac nisi scelerisque consectetur. Donec imperdiet dignissim ligula, non porta arcu consequat vulputate. Etiam consectetur, lacus tempus bibendum interdum, odio lorem lacinia sed. </p>', 1, 1, 1, '2012-11-02', '08:37:22', 'descargas/contenido.zip', ''),
(82, 'título 82', '<p>Lorem ipsum dolor sit amet, consectetur adipiscing elit. Donec feugiat dapibus nulla sed pharetra. Nunc orci dolor, fermentum a vulputate vitae, elementum et magna. Donec venenatis lorem non orci tristique aliquam. Class aptent taciti sociosqu ad litora torquent per conubia nostra, per inceptos himenaeos. Sed eget libero ac nisi scelerisque consectetur. Donec imperdiet dignissim ligula, non porta arcu consequat vulputate. Etiam consectetur, lacus tempus bibendum interdum, odio lorem lacinia sed. </p>', 2, 1, 1, '2012-11-02', '08:37:22', 'descargas/contenido.zip', ''),
(83, 'título 83', '<p>Lorem ipsum dolor sit amet, consectetur adipiscing elit. Donec feugiat dapibus nulla sed pharetra. Nunc orci dolor, fermentum a vulputate vitae, elementum et magna. Donec venenatis lorem non orci tristique aliquam. Class aptent taciti sociosqu ad litora torquent per conubia nostra, per inceptos himenaeos. Sed eget libero ac nisi scelerisque consectetur. Donec imperdiet dignissim ligula, non porta arcu consequat vulputate. Etiam consectetur, lacus tempus bibendum interdum, odio lorem lacinia sed. </p>', 2, 1, 1, '2012-11-02', '08:37:22', 'descargas/contenido.zip', '');
INSERT INTO `noticia` (`idnoticia`, `titulo`, `detalle`, `idcategoria`, `video`, `idautor`, `fecha`, `hora`, `descarga`, `tags`) VALUES
(84, 'título 84', '<p>Lorem ipsum dolor sit amet, consectetur adipiscing elit. Donec feugiat dapibus nulla sed pharetra. Nunc orci dolor, fermentum a vulputate vitae, elementum et magna. Donec venenatis lorem non orci tristique aliquam. Class aptent taciti sociosqu ad litora torquent per conubia nostra, per inceptos himenaeos. Sed eget libero ac nisi scelerisque consectetur. Donec imperdiet dignissim ligula, non porta arcu consequat vulputate. Etiam consectetur, lacus tempus bibendum interdum, odio lorem lacinia sed. </p>', 1, 1, 1, '2012-11-02', '08:37:22', 'descargas/contenido.zip', ''),
(85, 'título 85', '<p>Lorem ipsum dolor sit amet, consectetur adipiscing elit. Donec feugiat dapibus nulla sed pharetra. Nunc orci dolor, fermentum a vulputate vitae, elementum et magna. Donec venenatis lorem non orci tristique aliquam. Class aptent taciti sociosqu ad litora torquent per conubia nostra, per inceptos himenaeos. Sed eget libero ac nisi scelerisque consectetur. Donec imperdiet dignissim ligula, non porta arcu consequat vulputate. Etiam consectetur, lacus tempus bibendum interdum, odio lorem lacinia sed. </p>', 2, 1, 1, '2012-11-02', '08:37:22', 'descargas/contenido.zip', ''),
(86, 'título 86', '<p>Lorem ipsum dolor sit amet, consectetur adipiscing elit. Donec feugiat dapibus nulla sed pharetra. Nunc orci dolor, fermentum a vulputate vitae, elementum et magna. Donec venenatis lorem non orci tristique aliquam. Class aptent taciti sociosqu ad litora torquent per conubia nostra, per inceptos himenaeos. Sed eget libero ac nisi scelerisque consectetur. Donec imperdiet dignissim ligula, non porta arcu consequat vulputate. Etiam consectetur, lacus tempus bibendum interdum, odio lorem lacinia sed. </p>', 2, 1, 1, '2012-11-02', '08:37:22', 'descargas/contenido.zip', ''),
(87, 'título 87', '<p>Lorem ipsum dolor sit amet, consectetur adipiscing elit. Donec feugiat dapibus nulla sed pharetra. Nunc orci dolor, fermentum a vulputate vitae, elementum et magna. Donec venenatis lorem non orci tristique aliquam. Class aptent taciti sociosqu ad litora torquent per conubia nostra, per inceptos himenaeos. Sed eget libero ac nisi scelerisque consectetur. Donec imperdiet dignissim ligula, non porta arcu consequat vulputate. Etiam consectetur, lacus tempus bibendum interdum, odio lorem lacinia sed. </p>', 2, 1, 1, '2012-11-02', '08:37:22', 'descargas/contenido.zip', ''),
(88, 'título 88', '<p>Lorem ipsum dolor sit amet, consectetur adipiscing elit. Donec feugiat dapibus nulla sed pharetra. Nunc orci dolor, fermentum a vulputate vitae, elementum et magna. Donec venenatis lorem non orci tristique aliquam. Class aptent taciti sociosqu ad litora torquent per conubia nostra, per inceptos himenaeos. Sed eget libero ac nisi scelerisque consectetur. Donec imperdiet dignissim ligula, non porta arcu consequat vulputate. Etiam consectetur, lacus tempus bibendum interdum, odio lorem lacinia sed. </p>', 2, 1, 1, '2012-11-02', '08:37:22', 'descargas/contenido.zip', ''),
(89, 'título 89', '<p>Lorem ipsum dolor sit amet, consectetur adipiscing elit. Donec feugiat dapibus nulla sed pharetra. Nunc orci dolor, fermentum a vulputate vitae, elementum et magna. Donec venenatis lorem non orci tristique aliquam. Class aptent taciti sociosqu ad litora torquent per conubia nostra, per inceptos himenaeos. Sed eget libero ac nisi scelerisque consectetur. Donec imperdiet dignissim ligula, non porta arcu consequat vulputate. Etiam consectetur, lacus tempus bibendum interdum, odio lorem lacinia sed. </p>', 2, 1, 1, '2012-11-02', '08:37:22', 'descargas/contenido.zip', ''),
(90, 'título 90', '<p>Lorem ipsum dolor sit amet, consectetur adipiscing elit. Donec feugiat dapibus nulla sed pharetra. Nunc orci dolor, fermentum a vulputate vitae, elementum et magna. Donec venenatis lorem non orci tristique aliquam. Class aptent taciti sociosqu ad litora torquent per conubia nostra, per inceptos himenaeos. Sed eget libero ac nisi scelerisque consectetur. Donec imperdiet dignissim ligula, non porta arcu consequat vulputate. Etiam consectetur, lacus tempus bibendum interdum, odio lorem lacinia sed. </p>', 1, 1, 1, '2012-11-02', '08:37:22', 'descargas/contenido.zip', ''),
(91, 'título 91', '<p>Lorem ipsum dolor sit amet, consectetur adipiscing elit. Donec feugiat dapibus nulla sed pharetra. Nunc orci dolor, fermentum a vulputate vitae, elementum et magna. Donec venenatis lorem non orci tristique aliquam. Class aptent taciti sociosqu ad litora torquent per conubia nostra, per inceptos himenaeos. Sed eget libero ac nisi scelerisque consectetur. Donec imperdiet dignissim ligula, non porta arcu consequat vulputate. Etiam consectetur, lacus tempus bibendum interdum, odio lorem lacinia sed. </p>', 1, 1, 1, '2012-11-02', '08:37:50', 'descargas/contenido.zip', ''),
(92, 'título 92', '<p>Lorem ipsum dolor sit amet, consectetur adipiscing elit. Donec feugiat dapibus nulla sed pharetra. Nunc orci dolor, fermentum a vulputate vitae, elementum et magna. Donec venenatis lorem non orci tristique aliquam. Class aptent taciti sociosqu ad litora torquent per conubia nostra, per inceptos himenaeos. Sed eget libero ac nisi scelerisque consectetur. Donec imperdiet dignissim ligula, non porta arcu consequat vulputate. Etiam consectetur, lacus tempus bibendum interdum, odio lorem lacinia sed. </p>', 2, 1, 1, '2012-11-02', '08:37:50', 'descargas/contenido.zip', ''),
(93, 'título 93', '<p>Lorem ipsum dolor sit amet, consectetur adipiscing elit. Donec feugiat dapibus nulla sed pharetra. Nunc orci dolor, fermentum a vulputate vitae, elementum et magna. Donec venenatis lorem non orci tristique aliquam. Class aptent taciti sociosqu ad litora torquent per conubia nostra, per inceptos himenaeos. Sed eget libero ac nisi scelerisque consectetur. Donec imperdiet dignissim ligula, non porta arcu consequat vulputate. Etiam consectetur, lacus tempus bibendum interdum, odio lorem lacinia sed. </p>', 2, 1, 1, '2012-11-02', '08:37:50', 'descargas/contenido.zip', ''),
(94, 'título 94', '<p>Lorem ipsum dolor sit amet, consectetur adipiscing elit. Donec feugiat dapibus nulla sed pharetra. Nunc orci dolor, fermentum a vulputate vitae, elementum et magna. Donec venenatis lorem non orci tristique aliquam. Class aptent taciti sociosqu ad litora torquent per conubia nostra, per inceptos himenaeos. Sed eget libero ac nisi scelerisque consectetur. Donec imperdiet dignissim ligula, non porta arcu consequat vulputate. Etiam consectetur, lacus tempus bibendum interdum, odio lorem lacinia sed. </p>', 1, 1, 1, '2012-11-02', '08:37:50', 'descargas/contenido.zip', ''),
(95, 'título 95', '<p>Lorem ipsum dolor sit amet, consectetur adipiscing elit. Donec feugiat dapibus nulla sed pharetra. Nunc orci dolor, fermentum a vulputate vitae, elementum et magna. Donec venenatis lorem non orci tristique aliquam. Class aptent taciti sociosqu ad litora torquent per conubia nostra, per inceptos himenaeos. Sed eget libero ac nisi scelerisque consectetur. Donec imperdiet dignissim ligula, non porta arcu consequat vulputate. Etiam consectetur, lacus tempus bibendum interdum, odio lorem lacinia sed. </p>', 2, 1, 1, '2012-11-02', '08:37:50', 'descargas/contenido.zip', ''),
(96, 'título 96', '<p>Lorem ipsum dolor sit amet, consectetur adipiscing elit. Donec feugiat dapibus nulla sed pharetra. Nunc orci dolor, fermentum a vulputate vitae, elementum et magna. Donec venenatis lorem non orci tristique aliquam. Class aptent taciti sociosqu ad litora torquent per conubia nostra, per inceptos himenaeos. Sed eget libero ac nisi scelerisque consectetur. Donec imperdiet dignissim ligula, non porta arcu consequat vulputate. Etiam consectetur, lacus tempus bibendum interdum, odio lorem lacinia sed. </p>', 2, 1, 1, '2012-11-02', '08:37:50', 'descargas/contenido.zip', ''),
(97, 'título 97', '<p>Lorem ipsum dolor sit amet, consectetur adipiscing elit. Donec feugiat dapibus nulla sed pharetra. Nunc orci dolor, fermentum a vulputate vitae, elementum et magna. Donec venenatis lorem non orci tristique aliquam. Class aptent taciti sociosqu ad litora torquent per conubia nostra, per inceptos himenaeos. Sed eget libero ac nisi scelerisque consectetur. Donec imperdiet dignissim ligula, non porta arcu consequat vulputate. Etiam consectetur, lacus tempus bibendum interdum, odio lorem lacinia sed. </p>', 2, 1, 1, '2012-11-02', '08:37:50', 'descargas/contenido.zip', ''),
(98, 'título 98', '<p>Lorem ipsum dolor sit amet, consectetur adipiscing elit. Donec feugiat dapibus nulla sed pharetra. Nunc orci dolor, fermentum a vulputate vitae, elementum et magna. Donec venenatis lorem non orci tristique aliquam. Class aptent taciti sociosqu ad litora torquent per conubia nostra, per inceptos himenaeos. Sed eget libero ac nisi scelerisque consectetur. Donec imperdiet dignissim ligula, non porta arcu consequat vulputate. Etiam consectetur, lacus tempus bibendum interdum, odio lorem lacinia sed. </p>', 2, 1, 1, '2012-11-02', '08:37:50', 'descargas/contenido.zip', 'tutorias,videos'),
(99, 'título 99', '<p>Lorem ipsum dolor sit amet, consectetur adipiscing elit. Donec feugiat dapibus nulla sed pharetra. Nunc orci dolor, fermentum a vulputate vitae, elementum et magna. Donec venenatis lorem non orci tristique aliquam. Class aptent taciti sociosqu ad litora torquent per conubia nostra, per inceptos himenaeos. Sed eget libero ac nisi scelerisque consectetur. Donec imperdiet dignissim ligula, non porta arcu consequat vulputate. Etiam consectetur, lacus tempus bibendum interdum, odio lorem lacinia sed. </p>', 2, 1, 1, '2012-11-02', '08:37:50', 'descargas/contenido.zip', 'html5.php.dreamwaver,photoshop,camaras,windows,linux'),
(100, 'título 100', '<p>Lorem ipsum dolor sit amet, consectetur adipiscing elit. Donec feugiat dapibus nulla sed pharetra. Nunc orci dolor, fermentum a vulputate vitae, elementum et magna. Donec venenatis lorem non orci tristique aliquam. Class aptent taciti sociosqu ad litora torquent per conubia nostra, per inceptos himenaeos. Sed eget libero ac nisi scelerisque consectetur. Donec imperdiet dignissim ligula, non porta arcu consequat vulputate. Etiam consectetur, lacus tempus bibendum interdum, odio lorem lacinia sed. </p>', 1, 0, 1, '2012-11-02', '08:37:50', 'descargas/contenido.zip', 'educación,Tic,virtuales,red');

--
-- Restricciones para tablas volcadas
--

--
-- Filtros para la tabla `comentario`
--
ALTER TABLE `comentario`
  ADD CONSTRAINT `idnoticia` FOREIGN KEY (`idnoticia`) REFERENCES `noticia` (`idnoticia`) ON DELETE NO ACTION ON UPDATE NO ACTION;

--
-- Filtros para la tabla `noticia`
--
ALTER TABLE `noticia`
  ADD CONSTRAINT `idautor` FOREIGN KEY (`idautor`) REFERENCES `autor` (`idautor`) ON DELETE NO ACTION ON UPDATE NO ACTION,
  ADD CONSTRAINT `idcategoria` FOREIGN KEY (`idcategoria`) REFERENCES `categoria` (`idcategoria`) ON DELETE NO ACTION ON UPDATE NO ACTION;

/*!40101 SET CHARACTER_SET_CLIENT=@OLD_CHARACTER_SET_CLIENT */;
/*!40101 SET CHARACTER_SET_RESULTS=@OLD_CHARACTER_SET_RESULTS */;
/*!40101 SET COLLATION_CONNECTION=@OLD_COLLATION_CONNECTION */;
